policy,schd_time,sensors,start_soc,end_soc,exed,exe_time,priority,info
P3,2024-06-25 21:13:00,,88.0,89.0,True,2024-06-25 20:21:38,,[]
P3,2024-06-25 21:21:00,,95.0,95.0,True,2024-06-25 20:43:06,,[]
P3,2024-06-25 21:43:00,,96.0,96.0,True,2024-06-25 20:47:11,,[]
P3,2024-06-25 21:47:00,,97.0,97.0,True,2024-06-25 20:53:21,,[]
P3,2024-06-25 21:53:00,,99.0,99.0,True,2024-06-25 22:35:58,,[]
P3,2024-06-25 23:35:00,,99.0,99.0,True,2024-06-25 22:40:28,,[]
P3,2024-06-25 23:40:00,,99.0,99.0,True,2024-06-25 22:44:13,,[]
P3,2024-06-25 23:44:00,,99.0,99.0,True,2024-06-25 22:47:44,,[]
P3,2024-06-25 23:47:00,,98.0,97.0,True,2024-06-25 23:47:22,,[]
P3,2024-06-26 00:47:00,,97.0,96.0,True,2024-06-26 00:47:23,,[]
P3,2024-06-26 01:47:00,,96.0,95.0,True,2024-06-26 01:47:22,,[]
P3,2024-06-26 02:47:00,,95.0,94.0,True,2024-06-26 02:47:22,,[]
P3,2024-06-26 03:47:00,,94.0,92.0,True,2024-06-26 03:47:22,,[]
P3,2024-06-26 04:47:00,,93.0,92.0,True,2024-06-26 04:47:22,,[]
P3,2024-06-26 05:47:00,,92.0,91.0,True,2024-06-26 05:47:22,,[]
P3,2024-06-26 06:47:00,,91.0,90.0,True,2024-06-26 06:47:22,,[]
P3,2024-06-26 07:47:00,,91.0,90.0,True,2024-06-26 07:47:22,,[]
P3,2024-06-26 08:47:00,,90.0,89.0,True,2024-06-26 08:47:21,,[]
P3,2024-06-26 09:47:00,,93.0,92.0,True,2024-06-26 13:56:01,,[]
P3,2024-06-26 14:56:00,,91.0,90.0,True,2024-06-26 14:56:22,,[]
P3,2024-06-26 15:56:00,,88.0,89.0,True,2024-06-26 16:03:27,,[]
P3,2024-06-26 17:03:00,,89.0,89.0,True,2024-06-26 17:35:48,,[]
P3,2024-06-26 18:42:00,,99.0,99.0,True,2024-06-26 18:42:22,,[]
P3,2024-06-26 20:16:00,,98.0,98.0,True,2024-06-26 19:18:09,,[]
P3,2024-06-26 20:18:00,,97.0,97.0,True,2024-06-26 20:18:22,,[]
P3,2024-06-26 21:18:00,,97.0,97.0,True,2024-06-26 21:18:22,,[]
P3,2024-06-26 22:18:00,,97.0,97.0,True,2024-06-26 22:18:22,,[]
P3,2024-06-26 23:18:00,,97.0,97.0,True,2024-06-26 23:18:22,,[]
P3,2024-06-27 00:18:00,,97.0,97.0,True,2024-06-27 00:18:22,,[]
P3,2024-06-27 01:18:00,,96.0,96.0,True,2024-06-27 01:18:22,,[]
P3,2024-06-27 02:18:00,,96.0,96.0,True,2024-06-27 02:18:22,,[]
P3,2024-06-27 03:18:00,,96.0,96.0,True,2024-06-27 03:18:22,,[]
P3,2024-06-27 04:18:00,,96.0,96.0,True,2024-06-27 04:18:22,,[]
P3,2024-06-27 05:18:00,,95.0,95.0,True,2024-06-27 05:18:22,,[]
P3,2024-06-27 06:18:00,,95.0,95.0,True,2024-06-27 06:18:22,,[]
P3,2024-06-27 07:18:00,,95.0,95.0,True,2024-06-27 07:18:22,,[]
P3,2024-06-27 08:18:00,,95.0,95.0,True,2024-06-27 08:18:22,,[]
P3,2024-06-27 09:18:00,,94.0,94.0,True,2024-06-27 09:18:22,,[]
P3,2024-06-27 10:18:00,,94.0,94.0,True,2024-06-27 10:18:26,,[]
P3,2024-06-27 11:18:00,,94.0,94.0,True,2024-06-27 11:18:22,,[]
P3,2024-06-27 12:18:00,,94.0,94.0,True,2024-06-27 12:18:22,,[]
P3,2024-06-27 13:18:00,,94.0,93.0,True,2024-06-27 13:17:56,,[]
P3,2024-06-27 14:17:00,,97.0,96.0,True,2024-06-27 14:17:22,,[]
P3,2024-06-27 15:17:00,,97.0,96.0,True,2024-06-27 15:17:22,,[]
P3,2024-06-27 16:17:00,,96.0,96.0,True,2024-06-27 16:17:22,,[]
P3,2024-06-27 17:17:00,,96.0,95.0,True,2024-06-27 17:17:22,,[]
P3,2024-06-27 18:17:00,,95.0,95.0,True,2024-06-27 18:17:22,,[]
P3,2024-06-27 19:17:00,,94.0,94.0,True,2024-06-27 19:17:22,,[]
P3,2024-06-27 20:17:00,,93.0,93.0,True,2024-06-27 20:17:23,,[]
P3,2024-06-27 21:17:00,,93.0,92.0,True,2024-06-27 21:17:22,,[]
P3,2024-06-27 22:17:00,,92.0,92.0,True,2024-06-27 22:17:22,,[]
P3,2024-06-27 23:17:00,,92.0,91.0,True,2024-06-27 23:17:22,,[]
P3,2024-06-28 00:17:00,,91.0,91.0,True,2024-06-28 00:17:22,,[]
P3,2024-06-28 01:17:00,,90.0,90.0,True,2024-06-28 01:17:22,,[]
P3,2024-06-28 02:17:00,,90.0,89.0,True,2024-06-28 02:17:22,,[]
P3,2024-06-28 03:17:00,,89.0,89.0,True,2024-06-28 03:17:22,,[]
P3,2024-06-28 04:17:00,,89.0,88.0,True,2024-06-28 04:17:22,,[]
P3,2024-06-28 05:17:00,,88.0,88.0,True,2024-06-28 05:17:22,,[]
P3,2024-06-28 06:17:00,,88.0,88.0,True,2024-06-28 06:17:22,,[]
P3,2024-06-28 07:17:00,,88.0,87.0,True,2024-06-28 07:17:22,,[]
P3,2024-06-28 08:17:00,,87.0,87.0,True,2024-06-28 08:17:22,,[]
P3,2024-06-28 09:17:00,,87.0,87.0,True,2024-06-28 09:17:22,,[]
P3,2024-06-28 10:17:00,,87.0,87.0,True,2024-06-28 10:17:22,,[]
P3,2024-06-28 11:17:00,,87.0,87.0,True,2024-06-28 11:17:22,,[]
P3,2024-06-28 12:17:00,,87.0,87.0,True,2024-06-28 12:17:22,,[]
P3,2024-06-28 13:17:00,,87.0,87.0,True,2024-06-28 13:17:22,,[]
P3,2024-06-28 14:17:00,,87.0,87.0,True,2024-06-28 14:17:22,,[]
P3,2024-06-28 15:17:00,,87.0,87.0,True,2024-06-28 15:17:23,,[]
P3,2024-06-28 16:17:00,,87.0,86.0,True,2024-06-28 16:17:22,,[]
P3,2024-06-28 17:17:00,,87.0,86.0,True,2024-06-28 17:17:22,,[]
P3,2024-06-28 18:17:00,,87.0,86.0,True,2024-06-28 18:17:22,,[]
P3,2024-06-28 19:17:00,,87.0,86.0,True,2024-06-28 19:17:22,,[]
P3,2024-06-28 20:17:00,,86.0,86.0,True,2024-06-28 20:17:22,,[]
P3,2024-06-28 21:17:00,,86.0,86.0,True,2024-06-28 21:17:22,,[]
P3,2024-06-28 22:17:00,,86.0,86.0,True,2024-06-28 22:17:22,,[]
P3,2024-06-28 23:17:00,,86.0,85.0,True,2024-06-28 23:17:22,,[]
P3,2024-06-29 00:17:00,,86.0,86.0,True,2024-06-29 00:17:22,,[]
P3,2024-06-29 01:17:00,,86.0,85.0,True,2024-06-29 01:17:22,,[]
P3,2024-06-29 02:17:00,,85.0,85.0,True,2024-06-29 02:17:22,,[]
P3,2024-06-29 03:17:00,,85.0,85.0,True,2024-06-29 03:17:22,,[]
P3,2024-06-29 04:17:00,,85.0,85.0,True,2024-06-29 04:17:23,,[]
P3,2024-06-29 05:17:00,,85.0,85.0,True,2024-06-29 05:17:22,,[]
P3,2024-06-29 06:17:00,,85.0,85.0,True,2024-06-29 06:17:22,,[]
P3,2024-06-29 07:17:00,,85.0,85.0,True,2024-06-29 07:17:22,,[]
P3,2024-06-29 08:17:00,,85.0,84.0,True,2024-06-29 08:17:22,,[]
P3,2024-06-29 09:17:00,,85.0,84.0,True,2024-06-29 09:17:22,,[]
P3,2024-06-29 10:17:00,,85.0,84.0,True,2024-06-29 10:17:22,,[]
P3,2024-06-29 11:17:00,,84.0,84.0,True,2024-06-29 11:17:22,,[]
P3,2024-06-29 12:17:00,,84.0,84.0,True,2024-06-29 12:17:22,,[]
P3,2024-06-29 13:17:00,,84.0,84.0,True,2024-06-29 13:17:22,,[]
P3,2024-06-29 14:17:00,,84.0,84.0,True,2024-06-29 14:17:22,,[]
P3,2024-06-29 15:17:00,,84.0,84.0,True,2024-06-29 15:17:23,,[]
P3,2024-06-29 16:17:00,,84.0,84.0,True,2024-06-29 16:17:22,,[]
P3,2024-06-29 17:17:00,,84.0,83.0,True,2024-06-29 17:17:22,,[]
P3,2024-06-29 18:17:00,,83.0,83.0,True,2024-06-29 18:17:22,,[]
P3,2024-06-29 19:17:00,,83.0,82.0,True,2024-06-29 19:17:22,,[]
P3,2024-06-29 20:17:00,,82.0,82.0,True,2024-06-29 20:17:23,,[]
P3,2024-06-29 21:17:00,,81.0,81.0,True,2024-06-29 21:17:22,,[]
P3,2024-06-29 22:17:00,,81.0,80.0,True,2024-06-29 22:17:22,,[]
P3,2024-06-29 23:17:00,,80.0,80.0,True,2024-06-29 23:17:22,,[]
P3,2024-06-30 00:17:00,,79.0,79.0,True,2024-06-30 00:17:22,,[]
P3,2024-06-30 02:17:00,,78.0,77.0,True,2024-06-30 02:17:21,,[]
P3,2024-06-30 04:17:00,,77.0,77.0,True,2024-06-30 04:17:22,,[]
P3,2024-06-30 06:17:00,,76.0,76.0,True,2024-06-30 06:17:22,,[]
P3,2024-06-30 08:17:00,,75.0,75.0,True,2024-06-30 08:17:22,,[]
P3,2024-06-30 10:17:00,,75.0,74.0,True,2024-06-30 10:17:22,,[]
P3,2024-06-30 12:17:00,,74.0,73.0,True,2024-06-30 12:17:22,,[]
P3,2024-06-30 14:17:00,,73.0,73.0,True,2024-06-30 14:17:22,,[]
P3,2024-06-30 16:17:00,,73.0,72.0,True,2024-06-30 16:17:22,,[]
P3,2024-06-30 18:17:00,,72.0,71.0,True,2024-06-30 18:17:22,,[]
P3,2024-06-30 20:17:00,,71.0,71.0,True,2024-06-30 20:17:22,,[]
P3,2024-06-30 22:17:00,,70.0,70.0,True,2024-06-30 22:17:22,,[]
P3,2024-07-01 00:17:00,,69.0,69.0,True,2024-07-01 00:17:22,,[]
P3,2024-07-01 02:17:00,,68.0,67.0,True,2024-07-01 02:17:22,,[]
P3,2024-07-01 04:17:00,,67.0,66.0,True,2024-07-01 04:17:22,,[]
P3,2024-07-01 06:17:00,,66.0,66.0,True,2024-07-01 06:17:22,,[]
P3,2024-07-01 08:17:00,,65.0,65.0,True,2024-07-01 08:17:22,,[]
P3,2024-07-01 10:17:00,,65.0,64.0,True,2024-07-01 10:17:22,,[]
P3,2024-07-01 12:17:00,,64.0,64.0,True,2024-07-01 12:17:22,,[]
P3,2024-07-01 14:17:00,,64.0,64.0,True,2024-07-01 14:17:22,,[]
P3,2024-07-01 16:17:00,,64.0,63.0,True,2024-07-01 16:17:23,,[]
P3,2024-07-01 18:17:00,,64.0,63.0,True,2024-07-01 18:17:22,,[]
P3,2024-07-01 20:17:00,,63.0,63.0,True,2024-07-01 20:17:22,,[]
P3,2024-07-01 22:17:00,,63.0,63.0,True,2024-07-01 22:17:22,,[]
P3,2024-07-02 00:17:00,,63.0,63.0,True,2024-07-02 00:17:22,,[]
P3,2024-07-02 02:17:00,,62.0,62.0,True,2024-07-02 02:17:22,,[]
P3,2024-07-02 04:17:00,,62.0,61.0,True,2024-07-02 04:17:22,,[]
P3,2024-07-02 06:17:00,,61.0,61.0,True,2024-07-02 06:17:22,,[]
P3,2024-07-02 08:17:00,,61.0,61.0,True,2024-07-02 08:17:22,,[]
P3,2024-07-02 10:17:00,,61.0,60.0,True,2024-07-02 10:17:22,,[]
P3,2024-07-02 12:17:00,,61.0,60.0,True,2024-07-02 12:17:22,,[]
P3,2024-07-02 14:17:00,,61.0,60.0,True,2024-07-02 14:17:22,,[]
P3,2024-07-02 16:17:00,,61.0,60.0,True,2024-07-02 16:17:22,,[]
P3,2024-07-02 18:17:00,,61.0,60.0,True,2024-07-02 18:17:22,,[]
P3,2024-07-02 20:17:00,,61.0,60.0,True,2024-07-02 20:17:22,,[]
P3,2024-07-02 22:17:00,,60.0,60.0,True,2024-07-02 22:17:23,,[]
P3,2024-07-03 00:17:00,,60.0,59.0,True,2024-07-03 00:17:22,,[]
P3,2024-07-03 04:17:00,,58.0,58.0,True,2024-07-03 04:17:22,,[]
P3,2024-07-03 08:17:00,,58.0,58.0,True,2024-07-03 08:17:22,,[]
P3,2024-07-03 12:17:00,,57.0,57.0,True,2024-07-03 12:17:22,,[]
P3,2024-07-03 16:17:00,,57.0,57.0,True,2024-07-03 16:17:22,,[]
P3,2024-07-03 20:17:00,,57.0,56.0,True,2024-07-03 20:17:22,,[]
P3,2024-07-04 00:17:00,,55.0,55.0,True,2024-07-04 00:17:22,,[]
P3,2024-07-04 04:17:00,,54.0,54.0,True,2024-07-04 04:17:22,,[]
P3,2024-07-04 08:17:00,,54.0,53.0,True,2024-07-04 08:17:22,,[]
P3,2024-07-04 12:17:00,,53.0,52.0,True,2024-07-04 12:17:22,,[]
P3,2024-07-04 16:17:00,,52.0,51.0,True,2024-07-04 16:17:22,,[]
P3,2024-07-04 20:17:00,,51.0,50.0,True,2024-07-04 20:17:22,,[]
P3,2024-07-05 00:17:00,,49.0,49.0,True,2024-07-05 00:17:23,,[]
P3,2024-07-05 04:17:00,,48.0,48.0,True,2024-07-05 04:17:22,,[]
P3,2024-07-05 08:17:00,,47.0,47.0,True,2024-07-05 08:17:22,,[]
P3,2024-07-05 12:17:00,,47.0,46.0,True,2024-07-05 12:17:22,,[]
P3,2024-07-05 16:17:00,,46.0,45.0,True,2024-07-05 16:17:22,,[]
P3,2024-07-05 20:17:00,,45.0,45.0,True,2024-07-05 20:17:22,,[]
P3,2024-07-06 00:17:00,,44.0,44.0,True,2024-07-06 00:17:22,,[]
P3,2024-07-06 04:17:00,,44.0,43.0,True,2024-07-06 04:17:23,,[]
P3,2024-07-06 08:17:00,,43.0,43.0,True,2024-07-06 08:17:22,,[]
P3,2024-07-06 12:17:00,,42.0,42.0,True,2024-07-06 12:17:22,,[]
P3,2024-07-06 16:17:00,,42.0,41.0,True,2024-07-06 16:17:22,,[]
P3,2024-07-06 20:17:00,,41.0,40.0,True,2024-07-06 20:17:21,,[]
P3,2024-07-07 00:17:00,,40.0,40.0,True,2024-07-07 00:17:22,,[]
P3,2024-07-07 04:17:00,,39.0,39.0,True,2024-07-07 04:17:22,,[]
P3,2024-07-07 12:17:00,,39.0,38.0,True,2024-07-07 12:17:22,,[]
P3,2024-07-07 20:17:00,,38.0,38.0,True,2024-07-07 20:17:21,,[]
P3,2024-07-08 04:17:00,,37.0,36.0,True,2024-07-08 04:17:22,,[]
P3,2024-07-08 12:17:00,,36.0,36.0,True,2024-07-08 12:17:22,,[]
P3,2024-07-08 20:17:00,,35.0,34.0,True,2024-07-08 20:17:22,,[]
P3,2024-07-09 04:17:00,,33.0,33.0,True,2024-07-09 04:17:22,,[]
P3,2024-07-09 12:17:00,,32.0,32.0,True,2024-07-09 12:17:22,,[]
P3,2024-07-09 20:17:00,,70.0,70.0,True,2024-07-09 20:17:22,,[]
P3,2024-07-09 22:17:00,,67.0,67.0,True,2024-07-09 22:17:22,,[]
P3,2024-07-10 00:17:00,,66.0,66.0,True,2024-07-10 00:17:22,,[]
P3,2024-07-10 02:17:00,,65.0,64.0,True,2024-07-10 02:17:22,,[]
P3,2024-07-10 04:17:00,,64.0,64.0,True,2024-07-10 04:17:22,,[]
P3,2024-07-10 06:17:00,,63.0,63.0,True,2024-07-10 06:17:22,,[]
P3,2024-07-10 08:17:00,,63.0,63.0,True,2024-07-10 08:17:22,,[]
P3,2024-07-10 10:17:00,,63.0,62.0,True,2024-07-10 10:17:21,,[]
P3,2024-07-10 12:17:00,,62.0,62.0,True,2024-07-10 12:17:22,,[]
P3,2024-07-10 14:17:00,,62.0,62.0,True,2024-07-10 14:17:22,,[]
P3,2024-07-10 16:17:00,,62.0,61.0,True,2024-07-10 16:17:22,,[]
P3,2024-07-10 18:17:00,,61.0,61.0,True,2024-07-10 18:17:22,,[]
P3,2024-07-10 20:17:00,,61.0,61.0,True,2024-07-10 20:17:22,,[]
P3,2024-07-10 22:17:00,,61.0,61.0,True,2024-07-10 22:17:22,,[]
P3,2024-07-11 00:17:00,,61.0,60.0,True,2024-07-11 00:17:22,,[]
P3,2024-07-11 02:17:00,,60.0,60.0,True,2024-07-11 02:17:22,,[]
P3,2024-07-11 04:17:00,,60.0,60.0,True,2024-07-11 04:17:22,,[]
P3,2024-07-11 06:17:00,,60.0,59.0,True,2024-07-11 06:17:22,,[]
P3,2024-07-11 10:17:00,,59.0,59.0,True,2024-07-11 10:17:22,,[]
P3,2024-07-11 14:17:00,,59.0,58.0,True,2024-07-11 14:17:22,,[]
P3,2024-07-11 18:17:00,,58.0,58.0,True,2024-07-11 18:17:22,,[]
P3,2024-07-11 22:17:00,,58.0,57.0,True,2024-07-11 22:17:22,,[]
P3,2024-07-12 02:17:00,,57.0,56.0,True,2024-07-12 02:17:22,,[]
P3,2024-07-12 06:17:00,,56.0,56.0,True,2024-07-12 06:17:22,,[]
P3,2024-07-12 10:17:00,,56.0,55.0,True,2024-07-12 10:17:22,,[]
P3,2024-07-12 14:17:00,,55.0,54.0,True,2024-07-12 14:17:22,,[]
P3,2024-07-12 18:17:00,,54.0,54.0,True,2024-07-12 18:17:22,,[]
P3,2024-07-12 22:17:00,,53.0,53.0,True,2024-07-12 22:17:22,,[]
P3,2024-07-13 02:17:00,,52.0,52.0,True,2024-07-13 02:17:22,,[]
P3,2024-07-13 06:17:00,,51.0,51.0,True,2024-07-13 06:17:22,,[]
P3,2024-07-13 10:17:00,,50.0,50.0,True,2024-07-13 10:17:22,,[]
P3,2024-07-13 14:17:00,,49.0,48.0,True,2024-07-13 14:17:22,,[]
P3,2024-07-13 18:17:00,,48.0,47.0,True,2024-07-13 18:17:22,,[]
P3,2024-07-13 22:17:00,,47.0,46.0,True,2024-07-13 22:17:22,,[]
P3,2024-07-14 02:17:00,,46.0,45.0,True,2024-07-14 02:17:22,,[]
P3,2024-07-14 06:17:00,,45.0,45.0,True,2024-07-14 06:17:22,,[]
P3,2024-07-14 10:17:00,,45.0,44.0,True,2024-07-14 10:17:22,,[]
P3,2024-07-14 14:17:00,,44.0,43.0,True,2024-07-14 14:17:22,,[]
P3,2024-07-14 18:17:00,,43.0,43.0,True,2024-07-14 18:17:22,,[]
P3,2024-07-14 22:17:00,,42.0,42.0,True,2024-07-14 22:17:22,,[]
P3,2024-07-15 02:17:00,,42.0,41.0,True,2024-07-15 02:17:22,,[]
P3,2024-07-15 06:17:00,,41.0,40.0,True,2024-07-15 06:17:22,,[]
P3,2024-07-15 10:17:00,,40.0,40.0,True,2024-07-15 10:17:22,,[]
P3,2024-07-15 14:17:00,,39.0,39.0,True,2024-07-15 14:17:22,,[]
P3,2024-07-15 22:17:00,,38.0,38.0,True,2024-07-15 22:17:22,,[]
P3,2024-07-16 06:17:00,,37.0,37.0,True,2024-07-16 06:17:22,,[]
P3,2024-07-16 14:17:00,,36.0,36.0,True,2024-07-16 14:17:22,,[]
P3,2024-07-16 22:17:00,,35.0,35.0,True,2024-07-16 22:17:22,,[]
P3,2024-07-17 06:17:00,,34.0,33.0,True,2024-07-17 06:17:22,,[]
P3,2024-07-17 14:17:00,,33.0,32.0,True,2024-07-17 14:17:22,,[]
P3,2024-07-17 22:17:00,,31.0,31.0,True,2024-07-17 22:17:22,,[]
P3,2024-07-18 06:17:00,,29.0,29.0,True,2024-07-18 06:17:22,,[]
P3,2024-07-18 14:17:00,,28.0,27.0,True,2024-07-18 14:17:22,,[]
P3,2024-07-18 22:17:00,,26.0,26.0,True,2024-07-18 22:17:22,,[]
P3,2024-07-19 06:17:00,,25.0,25.0,True,2024-07-19 06:17:22,,[]
P3,2024-07-19 14:17:00,,24.0,23.0,True,2024-07-19 14:17:22,,[]
P3,2024-07-19 22:17:00,,22.0,22.0,True,2024-07-19 22:17:22,,[]
P3,2024-07-20 06:17:00,,21.0,20.0,True,2024-07-20 06:17:22,,[]
P3,2024-07-20 14:17:00,,19.0,19.0,True,2024-07-20 14:17:22,,[]
P3,2024-07-20 15:17:00,,18.0,18.0,True,2024-07-20 15:17:22,,[]
P3,2024-07-20 16:17:00,,18.0,17.0,True,2024-07-20 16:17:23,,[]
P3,2024-07-20 17:17:00,,17.0,16.0,True,2024-07-20 17:17:22,,[]
P3,2024-07-20 18:17:00,,16.0,16.0,True,2024-07-20 18:17:22,,[]
P3,2024-07-20 19:17:00,,16.0,15.0,True,2024-07-20 19:17:22,,[]
P3,2024-07-20 20:17:00,,15.0,14.0,True,2024-07-20 20:17:22,,[]
P3,2024-07-20 21:17:00,,14.0,14.0,True,2024-07-20 21:17:22,,[]
P3,2024-07-20 22:17:00,,13.0,13.0,True,2024-07-20 22:17:22,,[]
P3,2024-07-20 23:17:00,,13.0,12.0,True,2024-07-20 23:17:22,,[]
P3,2024-07-21 00:17:00,,12.0,11.0,True,2024-07-21 00:17:21,,[]
P3,2024-07-21 01:17:00,,11.0,11.0,True,2024-07-21 01:17:22,,[]
P3,2024-07-21 02:17:00,,9.0,9.0,True,2024-07-21 02:17:22,,[]
P3,2024-07-21 03:17:00,,7.0,7.0,True,2024-07-21 03:17:22,,[]
P3,2024-07-21 04:17:00,,5.0,5.0,True,2024-07-21 04:17:22,,[]
P3,2024-07-21 05:17:00,,75.0,76.0,True,2024-09-03 21:17:23,,[]
P3,2024-09-03 23:17:00,,72.0,71.0,True,2024-09-03 23:17:22,,[]
P3,2024-09-04 01:17:00,,68.0,67.0,True,2024-09-04 01:17:22,,[]
P3,2024-09-04 03:17:00,,67.0,65.0,True,2024-09-04 03:17:22,,[]
P3,2024-09-04 05:17:00,,65.0,64.0,True,2024-09-04 05:17:22,,[]
P3,2024-09-04 07:17:00,,63.0,62.0,True,2024-09-04 07:17:22,,[]
P3,2024-09-04 09:17:00,,62.0,61.0,True,2024-09-04 09:17:22,,[]
P3,2024-09-04 11:17:00,,61.0,60.0,True,2024-09-04 11:17:22,,[]
P3,2024-09-04 13:17:00,,60.0,59.0,True,2024-09-04 13:17:22,,[]
P3,2024-09-04 17:17:00,,97.0,97.0,True,2024-09-04 17:17:23,,[]
P3,2024-09-04 18:17:00,,97.0,96.0,True,2024-09-04 18:17:22,,[]
P3,2024-09-04 19:17:00,,88.0,87.0,True,2024-09-04 19:17:22,,[]
P3,2024-09-04 20:17:00,,87.0,86.0,True,2024-09-04 20:17:22,,[]
P3,2024-09-04 21:17:00,,86.0,85.0,True,2024-09-04 21:17:22,,[]
P3,2024-09-04 22:17:00,,85.0,84.0,True,2024-09-04 22:17:22,,[]
P3,2024-09-04 23:17:00,,83.0,82.0,True,2024-09-04 23:17:22,,[]
P3,2024-09-05 00:17:00,,82.0,81.0,True,2024-09-05 00:17:22,,[]
P3,2024-09-05 01:17:00,,82.0,81.0,True,2024-09-05 01:17:22,,[]
P3,2024-09-05 02:17:00,,82.0,81.0,True,2024-09-05 02:17:22,,[]
P3,2024-09-05 03:17:00,,82.0,81.0,True,2024-09-05 03:17:22,,[]
P3,2024-09-05 04:17:00,,82.0,81.0,True,2024-09-05 04:17:22,,[]
P3,2024-09-05 05:17:00,,82.0,81.0,True,2024-09-05 05:17:22,,[]
P3,2024-09-05 06:17:00,,82.0,81.0,True,2024-09-05 06:17:22,,[]
P3,2024-09-05 07:17:00,,81.0,80.0,True,2024-09-05 07:17:22,,[]
P3,2024-09-05 08:17:00,,81.0,81.0,True,2024-09-05 08:17:22,,[]
P3,2024-09-05 09:17:00,,81.0,80.0,True,2024-09-05 09:17:22,,[]
P3,2024-09-05 10:17:00,,81.0,81.0,True,2024-09-05 10:17:22,,[]
P3,2024-09-05 11:17:00,,81.0,80.0,True,2024-09-05 11:17:22,,[]
P3,2024-09-05 12:17:00,,81.0,80.0,True,2024-09-05 12:17:22,,[]
P3,2024-09-05 13:17:00,,81.0,81.0,True,2024-09-05 13:17:22,,[]
P3,2024-09-05 14:17:00,,81.0,80.0,True,2024-09-05 14:17:22,,[]
P3,2024-09-05 15:17:00,,80.0,79.0,True,2024-09-05 15:17:22,,[]
P3,2024-09-05 17:17:00,,80.0,79.0,True,2024-09-05 17:17:22,,[]
P3,2024-09-05 19:17:00,,80.0,79.0,True,2024-09-05 19:17:22,,[]
P3,2024-09-05 21:17:00,,80.0,79.0,True,2024-09-05 21:17:22,,[]
P3,2024-09-05 23:17:00,,79.0,78.0,True,2024-09-05 23:17:22,,[]
P3,2024-09-06 01:17:00,,78.0,77.0,True,2024-09-06 01:17:22,,[]
P3,2024-09-06 03:17:00,,77.0,76.0,True,2024-09-06 03:17:22,,[]
P3,2024-09-06 05:17:00,,76.0,75.0,True,2024-09-06 05:17:22,,[]
P3,2024-09-06 07:17:00,,75.0,74.0,True,2024-09-06 07:17:22,,[]
P3,2024-09-06 09:17:00,,74.0,73.0,True,2024-09-06 09:17:22,,[]
P3,2024-09-06 11:17:00,,73.0,72.0,True,2024-09-06 11:17:22,,[]
P3,2024-09-06 13:17:00,,72.0,71.0,True,2024-09-06 13:17:22,,[]
P3,2024-09-06 15:17:00,,71.0,70.0,True,2024-09-06 15:17:22,,[]
P3,2024-09-06 17:17:00,,92.0,93.0,True,2024-09-06 16:18:32,,[]
P3,2024-09-06 17:18:00,,98.0,98.0,True,2024-09-06 17:18:23,,[]
P3,2024-09-06 18:18:00,,98.0,98.0,True,2024-09-06 17:34:01,,[]
P3,2024-09-06 18:34:00,,98.0,98.0,True,2024-09-06 18:34:22,,[]
P3,2024-09-06 19:34:00,,97.0,95.0,True,2024-09-06 19:34:22,,[]
P3,2024-09-06 20:34:00,,93.0,92.0,True,2024-09-06 20:34:22,,[]
P3,2024-09-06 21:34:00,,91.0,90.0,True,2024-09-06 21:34:22,,[]
P3,2024-09-06 22:34:00,,90.0,89.0,True,2024-09-06 22:34:22,,[]
P3,2024-09-06 23:34:00,,95.0,96.0,True,2024-09-06 23:34:22,,[]
P3,2024-09-07 00:34:00,,95.0,94.0,True,2024-09-07 00:34:26,,[]
P3,2024-09-07 01:34:00,,94.0,92.0,True,2024-09-07 01:34:22,,[]
P3,2024-09-07 02:34:00,,92.0,91.0,True,2024-09-07 02:34:22,,[]
P3,2024-09-07 03:34:00,,91.0,89.0,True,2024-09-07 03:34:22,,[]
P3,2024-09-07 04:34:00,,89.0,88.0,True,2024-09-07 04:34:22,,[]
P3,2024-09-07 05:34:00,,88.0,87.0,True,2024-09-07 05:34:22,,[]
P3,2024-09-07 06:34:00,,87.0,86.0,True,2024-09-07 06:34:22,,[]
P3,2024-09-07 07:34:00,,86.0,85.0,True,2024-09-07 07:34:22,,[]
P3,2024-09-07 08:34:00,,85.0,84.0,True,2024-09-07 08:34:22,,[]
P3,2024-09-07 09:34:00,,84.0,84.0,True,2024-09-07 09:34:22,,[]
P3,2024-09-07 10:34:00,,84.0,83.0,True,2024-09-07 10:34:22,,[]
P3,2024-09-07 11:34:00,,84.0,83.0,True,2024-09-07 11:34:22,,[]
P3,2024-09-07 12:34:00,,83.0,82.0,True,2024-09-07 12:34:22,,[]
P3,2024-09-07 13:34:00,,83.0,82.0,True,2024-09-07 13:34:22,,[]
P3,2024-09-07 14:34:00,,83.0,82.0,True,2024-09-07 14:34:22,,[]
P3,2024-09-07 15:34:00,,83.0,81.0,True,2024-09-07 15:34:22,,[]
P3,2024-09-07 16:34:00,,82.0,81.0,True,2024-09-07 16:34:22,,[]
P3,2024-09-07 17:34:00,,82.0,82.0,True,2024-09-07 17:34:22,,[]
P3,2024-09-07 18:34:00,,82.0,81.0,True,2024-09-07 18:34:22,,[]
P3,2024-09-07 19:34:00,,82.0,81.0,True,2024-09-07 19:34:22,,[]
P3,2024-09-07 20:34:00,,82.0,81.0,True,2024-09-07 20:34:22,,[]
P3,2024-09-07 21:34:00,,82.0,81.0,True,2024-09-07 21:34:22,,[]
P3,2024-09-07 22:34:00,,82.0,81.0,True,2024-09-07 22:34:22,,[]
P3,2024-09-07 23:34:00,,82.0,81.0,True,2024-09-07 23:34:22,,[]
P3,2024-09-08 00:34:00,,82.0,80.0,True,2024-09-08 00:34:22,,[]
P3,2024-09-08 01:34:00,,81.0,80.0,True,2024-09-08 01:34:22,,[]
P3,2024-09-08 02:34:00,,81.0,80.0,True,2024-09-08 02:34:22,,[]
P3,2024-09-08 03:34:00,,81.0,81.0,True,2024-09-08 03:34:22,,[]
P3,2024-09-08 04:34:00,,81.0,80.0,True,2024-09-08 04:34:22,,[]
P3,2024-09-08 05:34:00,,81.0,80.0,True,2024-09-08 05:34:22,,[]
P3,2024-09-08 06:34:00,,81.0,80.0,True,2024-09-08 06:34:22,,[]
P3,2024-09-08 07:34:00,,81.0,80.0,True,2024-09-08 07:34:23,,[]
P3,2024-09-08 08:34:00,,81.0,80.0,True,2024-09-08 08:34:22,,[]
P3,2024-09-08 09:34:00,,81.0,80.0,True,2024-09-08 09:34:22,,[]
P3,2024-09-08 10:34:00,,81.0,80.0,True,2024-09-08 10:34:22,,[]
P3,2024-09-08 11:34:00,,80.0,79.0,True,2024-09-08 11:34:22,,[]
P3,2024-09-08 13:34:00,,80.0,79.0,True,2024-09-08 13:34:22,,[]
P3,2024-09-08 15:34:00,,80.0,79.0,True,2024-09-08 15:34:22,,[]
P3,2024-09-08 17:34:00,,80.0,79.0,True,2024-09-08 17:34:22,,[]
P3,2024-09-08 19:34:00,,79.0,78.0,True,2024-09-08 19:34:22,,[]
P3,2024-09-08 21:34:00,,79.0,78.0,True,2024-09-08 21:34:22,,[]
P3,2024-09-08 23:34:00,,78.0,77.0,True,2024-09-08 23:34:22,,[]
P3,2024-09-09 01:34:00,,77.0,76.0,True,2024-09-09 01:34:22,,[]
P3,2024-09-09 03:34:00,,76.0,75.0,True,2024-09-09 03:34:23,,[]
P3,2024-09-09 05:34:00,,75.0,74.0,True,2024-09-09 05:34:22,,[]
P3,2024-09-09 07:34:00,,74.0,73.0,True,2024-09-09 07:34:22,,[]
P3,2024-09-09 09:34:00,,73.0,72.0,True,2024-09-09 09:34:22,,[]
P3,2024-09-09 11:34:00,,72.0,71.0,True,2024-09-09 11:34:22,,[]
P3,2024-09-09 13:34:00,,71.0,70.0,True,2024-09-09 13:34:22,,[]
P3,2024-09-09 15:34:00,,70.0,69.0,True,2024-09-09 15:34:22,,[]
P3,2024-09-09 17:34:00,,70.0,68.0,True,2024-09-09 17:34:22,,[]
P3,2024-09-09 19:34:00,,68.0,67.0,True,2024-09-09 19:34:22,,[]
P3,2024-09-09 21:34:00,,67.0,66.0,True,2024-09-09 21:34:23,,[]
P3,2024-09-09 23:34:00,,66.0,65.0,True,2024-09-09 23:34:22,,[]
P3,2024-09-10 01:34:00,,65.0,64.0,True,2024-09-10 01:34:22,,[]
P3,2024-09-10 03:34:00,,65.0,63.0,True,2024-09-10 03:34:22,,[]
P3,2024-09-10 05:34:00,,64.0,63.0,True,2024-09-10 05:34:22,,[]
P3,2024-09-10 07:34:00,,63.0,62.0,True,2024-09-10 07:34:22,,[]
P3,2024-09-10 09:34:00,,62.0,61.0,True,2024-09-10 09:34:22,,[]
P3,2024-09-10 11:34:00,,61.0,60.0,True,2024-09-10 11:34:22,,[]
P3,2024-09-10 13:34:00,,60.0,59.0,True,2024-09-10 13:34:22,,[]
P3,2024-09-10 17:34:00,,60.0,59.0,True,2024-09-10 17:34:22,,[]
P3,2024-09-10 21:34:00,,59.0,58.0,True,2024-09-10 21:34:22,,[]
P3,2024-09-11 01:34:00,,59.0,58.0,True,2024-09-11 01:34:22,,[]
P3,2024-09-11 05:34:00,,98.0,98.0,True,2024-09-11 05:34:23,,[]
P3,2024-09-11 06:34:00,,98.0,98.0,True,2024-09-11 06:34:22,,[]
P3,2024-09-11 07:34:00,,93.0,92.0,True,2024-09-11 07:34:22,,[]
P3,2024-09-11 08:34:00,,91.0,90.0,True,2024-09-11 08:34:22,,[]
P3,2024-09-11 09:34:00,,90.0,89.0,True,2024-09-11 09:34:22,,[]
P3,2024-09-11 10:34:00,,88.0,87.0,True,2024-09-11 10:34:22,,[]
P3,2024-09-11 11:34:00,,87.0,86.0,True,2024-09-11 11:34:22,,[]
P3,2024-09-11 12:34:00,,86.0,85.0,True,2024-09-11 12:34:22,,[]
P3,2024-09-11 13:34:00,,96.0,96.0,True,2024-09-11 13:34:22,,[]
P3,2024-09-11 14:34:00,,19.0,17.0,True,2024-09-12 02:10:22,,[]
P3,2024-09-12 22:10:00,,97.0,97.0,True,2024-09-12 13:36:27,,[]
P3,2024-09-12 14:36:00,,97.0,98.0,True,2024-09-12 14:36:22,,[]
P3,2024-09-12 15:36:00,,98.0,98.0,True,2024-09-12 15:36:22,,[]
P3,2024-09-12 16:36:00,,95.0,93.0,True,2024-09-12 16:36:22,,[]
P3,2024-09-12 17:36:00,,91.0,90.0,True,2024-09-12 17:36:22,,[]
P3,2024-09-12 18:36:00,,89.0,88.0,True,2024-09-12 18:36:22,,[]
P3,2024-09-12 19:36:00,,88.0,86.0,True,2024-09-12 19:36:22,,[]
P3,2024-09-12 20:36:00,,86.0,85.0,True,2024-09-12 20:36:22,,[]
P3,2024-09-12 21:36:00,,85.0,84.0,True,2024-09-12 21:36:22,,[]
P3,2024-09-12 22:36:00,,84.0,83.0,True,2024-09-12 22:36:22,,[]
P3,2024-09-12 23:36:00,,84.0,83.0,True,2024-09-12 23:36:22,,[]
P3,2024-09-13 00:36:00,,83.0,82.0,True,2024-09-13 00:36:22,,[]
P3,2024-09-13 01:36:00,,83.0,82.0,True,2024-09-13 01:36:23,,[]
P3,2024-09-13 02:36:00,,83.0,82.0,True,2024-09-13 02:36:22,,[]
P3,2024-09-13 03:36:00,,82.0,81.0,True,2024-09-13 03:36:22,,[]
P3,2024-09-13 04:36:00,,82.0,81.0,True,2024-09-13 04:36:22,,[]
P3,2024-09-13 05:36:00,,82.0,81.0,True,2024-09-13 05:36:22,,[]
P3,2024-09-13 06:36:00,,82.0,81.0,True,2024-09-13 06:36:22,,[]
P3,2024-09-13 07:36:00,,82.0,81.0,True,2024-09-13 07:36:22,,[]
P3,2024-09-13 08:36:00,,82.0,81.0,True,2024-09-13 08:36:22,,[]
P3,2024-09-13 09:36:00,,82.0,81.0,True,2024-09-13 09:36:22,,[]
P3,2024-09-13 10:36:00,,82.0,81.0,True,2024-09-13 10:36:22,,[]
P3,2024-09-13 11:36:00,,82.0,81.0,True,2024-09-13 11:36:22,,[]
P3,2024-09-13 12:36:00,,81.0,80.0,True,2024-09-13 12:36:22,,[]
P3,2024-09-13 13:36:00,,81.0,80.0,True,2024-09-13 13:36:22,,[]
P3,2024-09-13 14:36:00,,81.0,80.0,True,2024-09-13 14:36:22,,[]
P3,2024-09-13 15:36:00,,81.0,81.0,True,2024-09-13 15:36:22,,[]
P3,2024-09-13 16:36:00,,93.0,94.0,True,2024-09-13 16:36:23,,[]
P3,2024-09-13 17:36:00,,98.0,98.0,True,2024-09-13 17:36:22,,[]
P3,2024-09-13 18:36:00,,98.0,98.0,True,2024-09-13 18:36:22,,[]
P3,2024-09-13 19:36:00,,98.0,98.0,True,2024-09-13 18:39:44,,[]
P3,2024-09-13 19:39:00,,98.0,97.0,True,2024-09-13 18:43:06,,[]
P3,2024-09-13 19:43:00,,97.0,97.0,True,2024-09-13 18:52:36,,[]
P3,2024-09-13 19:52:00,,97.0,97.0,True,2024-09-13 18:55:57,,[]
P3,2024-09-13 19:55:00,,97.0,97.0,True,2024-09-13 19:00:56,,[]
P3,2024-09-13 20:00:00,,97.0,97.0,True,2024-09-13 19:08:46,,[]
P3,2024-09-13 20:08:00,,97.0,97.0,True,2024-09-13 19:12:08,,[]
P3,2024-09-13 20:12:00,,97.0,97.0,True,2024-09-13 19:15:29,,[]
P3,2024-09-13 20:15:00,,97.0,97.0,True,2024-09-13 19:20:39,,[]
P3,2024-09-13 20:20:00,,95.0,95.0,True,2024-09-13 20:20:22,,[]
P3,2024-09-13 21:20:00,,95.0,94.0,True,2024-09-13 21:20:23,,[]
P3,2024-09-13 22:20:00,,94.0,93.0,True,2024-09-13 22:20:22,,[]
P3,2024-09-13 23:20:00,,94.0,93.0,True,2024-09-13 23:20:22,,[]
P3,2024-09-14 00:20:00,,92.0,92.0,True,2024-09-14 00:20:22,,[]
P3,2024-09-14 01:20:00,,91.0,90.0,True,2024-09-14 01:20:22,,[]
P3,2024-09-14 02:20:00,,90.0,89.0,True,2024-09-14 02:20:22,,[]
P3,2024-09-14 03:20:00,,89.0,88.0,True,2024-09-14 03:20:22,,[]
P3,2024-09-14 04:20:00,,88.0,87.0,True,2024-09-14 04:20:22,,[]
P3,2024-09-14 05:20:00,,87.0,87.0,True,2024-09-14 05:20:22,,[]
P3,2024-09-14 06:20:00,,87.0,86.0,True,2024-09-14 06:20:22,,[]
P3,2024-09-14 07:20:00,,86.0,86.0,True,2024-09-14 07:20:22,,[]
P3,2024-09-14 08:20:00,,86.0,85.0,True,2024-09-14 08:20:23,,[]
P3,2024-09-14 09:20:00,,85.0,84.0,True,2024-09-14 09:20:22,,[]
P3,2024-09-14 10:20:00,,84.0,84.0,True,2024-09-14 10:20:22,,[]
P3,2024-09-14 11:20:00,,84.0,83.0,True,2024-09-14 11:20:22,,[]
P3,2024-09-14 12:20:00,,84.0,84.0,True,2024-09-14 12:20:23,,[]
P3,2024-09-14 13:20:00,,84.0,84.0,True,2024-09-14 13:20:22,,[]
P3,2024-09-14 14:20:00,,84.0,83.0,True,2024-09-14 14:20:22,,[]
P3,2024-09-14 15:20:00,,83.0,82.0,True,2024-09-14 15:20:22,,[]
P3,2024-09-14 16:20:00,,83.0,82.0,True,2024-09-14 16:20:22,,[]
P3,2024-09-14 17:20:00,,83.0,82.0,True,2024-09-14 17:20:22,,[]
P3,2024-09-14 18:20:00,,83.0,82.0,True,2024-09-14 18:20:22,,[]
P3,2024-09-14 19:20:00,,82.0,82.0,True,2024-09-14 19:20:22,,[]
P3,2024-09-14 20:20:00,,82.0,82.0,True,2024-09-14 20:20:22,,[]
P3,2024-09-14 21:20:00,,82.0,81.0,True,2024-09-14 21:20:22,,[]
P3,2024-09-14 22:20:00,,82.0,82.0,True,2024-09-14 22:20:22,,[]
P3,2024-09-14 23:20:00,,82.0,82.0,True,2024-09-14 23:20:21,,[]
P3,2024-09-15 00:20:00,,82.0,82.0,True,2024-09-15 00:20:22,,[]
P3,2024-09-15 01:20:00,,82.0,82.0,True,2024-09-15 01:20:22,,[]
P3,2024-09-15 02:20:00,,82.0,81.0,True,2024-09-15 02:20:22,,[]
P3,2024-09-15 03:20:00,,82.0,82.0,True,2024-09-15 03:20:21,,[]
P3,2024-09-15 04:20:00,,82.0,81.0,True,2024-09-15 04:20:22,,[]
P3,2024-09-15 05:20:00,,82.0,81.0,True,2024-09-15 05:20:22,,[]
P3,2024-09-15 06:20:00,,81.0,80.0,True,2024-09-15 06:20:22,,[]
P3,2024-09-15 07:20:00,,81.0,81.0,True,2024-09-15 07:20:22,,[]
P3,2024-09-15 08:20:00,,81.0,81.0,True,2024-09-15 08:20:22,,[]
P3,2024-09-15 09:20:00,,81.0,80.0,True,2024-09-15 09:20:22,,[]
P3,2024-09-15 10:20:00,,81.0,81.0,True,2024-09-15 10:20:22,,[]
P3,2024-09-15 11:20:00,,81.0,81.0,True,2024-09-15 11:20:21,,[]
P3,2024-09-15 12:20:00,,81.0,81.0,True,2024-09-15 12:20:22,,[]
P3,2024-09-15 13:20:00,,81.0,80.0,True,2024-09-15 13:20:22,,[]
P3,2024-09-15 14:20:00,,81.0,81.0,True,2024-09-15 14:20:22,,[]
P3,2024-09-15 15:20:00,,81.0,81.0,True,2024-09-15 15:20:22,,[]
P3,2024-09-15 16:20:00,,81.0,80.0,True,2024-09-15 16:20:23,,[]
P3,2024-09-15 17:20:00,,80.0,79.0,True,2024-09-15 17:20:22,,[]
P3,2024-09-15 19:20:00,,80.0,79.0,True,2024-09-15 19:20:22,,[]
P3,2024-09-15 21:20:00,,80.0,80.0,True,2024-09-15 21:20:22,,[]
P3,2024-09-15 22:20:00,,80.0,79.0,True,2024-09-15 22:20:22,,[]
P3,2024-09-16 00:20:00,,79.0,78.0,True,2024-09-16 00:20:22,,[]
P3,2024-09-16 02:20:00,,79.0,79.0,True,2024-09-16 02:20:22,,[]
P3,2024-09-16 04:20:00,,79.0,78.0,True,2024-09-16 04:20:22,,[]
P3,2024-09-16 06:20:00,,78.0,77.0,True,2024-09-16 06:20:22,,[]
P3,2024-09-16 08:20:00,,77.0,76.0,True,2024-09-16 08:20:22,,[]
P3,2024-09-16 10:20:00,,76.0,75.0,True,2024-09-16 10:20:22,,[]
P3,2024-09-16 12:20:00,,75.0,74.0,True,2024-09-16 12:20:22,,[]
P3,2024-09-16 14:20:00,,74.0,73.0,True,2024-09-16 14:20:22,,[]
P3,2024-09-16 16:20:00,,73.0,72.0,True,2024-09-16 16:20:21,,[]
P3,2024-09-16 18:20:00,,73.0,72.0,True,2024-09-16 18:20:22,,[]
P3,2024-09-16 20:20:00,,72.0,72.0,True,2024-09-16 20:20:22,,[]
P3,2024-09-16 22:20:00,,71.0,71.0,True,2024-09-16 22:20:22,,[]
P3,2024-09-17 00:20:00,,71.0,70.0,True,2024-09-17 00:20:22,,[]
P3,2024-09-17 02:20:00,,70.0,69.0,True,2024-09-17 02:20:23,,[]
P3,2024-09-17 04:20:00,,69.0,69.0,True,2024-09-17 04:20:22,,[]
P3,2024-09-17 06:20:00,,69.0,68.0,True,2024-09-17 06:20:22,,[]
P3,2024-09-17 08:20:00,,68.0,67.0,True,2024-09-17 08:20:22,,[]
P3,2024-09-17 10:20:00,,67.0,66.0,True,2024-09-17 10:20:22,,[]
P3,2024-09-17 12:20:00,,66.0,65.0,True,2024-09-17 12:20:22,,[]
P3,2024-09-17 14:20:00,,65.0,65.0,True,2024-09-17 14:20:22,,[]
P3,2024-09-17 16:20:00,,64.0,64.0,True,2024-09-17 16:20:22,,[]
P3,2024-09-17 18:20:00,,64.0,63.0,True,2024-09-17 18:20:22,,[]
P3,2024-09-17 20:20:00,,63.0,63.0,True,2024-09-17 20:20:22,,[]
P3,2024-09-17 22:20:00,,62.0,62.0,True,2024-09-17 22:20:22,,[]
P3,2024-09-18 00:20:00,,62.0,61.0,True,2024-09-18 00:20:22,,[]
P3,2024-09-18 02:20:00,,61.0,60.0,True,2024-09-18 02:20:22,,[]
P3,2024-09-18 04:20:00,,61.0,60.0,True,2024-09-18 04:20:22,,[]
P3,2024-09-18 06:20:00,,60.0,60.0,True,2024-09-18 06:20:22,,[]
P3,2024-09-18 08:20:00,,59.0,59.0,True,2024-09-18 08:20:22,,[]
P3,2024-09-18 12:20:00,,59.0,58.0,True,2024-09-18 12:20:22,,[]
P3,2024-09-18 16:20:00,,58.0,57.0,True,2024-09-18 16:20:22,,[]
P3,2024-09-18 20:20:00,,58.0,57.0,True,2024-09-18 20:20:22,,[]
P3,2024-09-19 00:20:00,,57.0,56.0,True,2024-09-19 00:20:22,,[]
P3,2024-09-19 04:20:00,,91.0,92.0,True,2024-09-19 04:20:22,,[]
P3,2024-09-19 05:20:00,,97.0,97.0,True,2024-09-19 05:20:22,,[]
P3,2024-09-19 06:20:00,,97.0,98.0,True,2024-09-19 06:20:22,,[]
P3,2024-09-19 07:20:00,,98.0,98.0,True,2024-09-19 07:20:23,,[]
P3,2024-09-19 08:20:00,,94.0,93.0,True,2024-09-19 08:20:22,,[]
P3,2024-09-19 09:20:00,,92.0,91.0,True,2024-09-19 09:20:22,,[]
P3,2024-09-19 10:20:00,,91.0,90.0,True,2024-09-19 10:20:22,,[]
P3,2024-09-19 11:20:00,,90.0,89.0,True,2024-09-19 11:20:22,,[]
P3,2024-09-19 12:20:00,,89.0,88.0,True,2024-09-19 12:20:22,,[]
P3,2024-09-19 13:20:00,,88.0,87.0,True,2024-09-19 13:20:22,,[]
P3,2024-09-19 14:20:00,,87.0,86.0,True,2024-09-19 14:20:22,,[]
P3,2024-09-19 15:20:00,,86.0,85.0,True,2024-09-19 15:20:22,,[]
P3,2024-09-19 16:20:00,,85.0,84.0,True,2024-09-19 16:20:22,,[]
P3,2024-09-19 17:20:00,,84.0,84.0,True,2024-09-19 17:20:22,,[]
P3,2024-09-19 18:20:00,,84.0,84.0,True,2024-09-19 18:20:22,,[]
P3,2024-09-19 19:20:00,,84.0,84.0,True,2024-09-19 19:20:22,,[]
P3,2024-09-19 20:20:00,,84.0,83.0,True,2024-09-19 20:20:22,,[]
P3,2024-09-19 21:20:00,,83.0,83.0,True,2024-09-19 21:20:22,,[]
P3,2024-09-19 22:20:00,,83.0,83.0,True,2024-09-19 22:20:22,,[]
P3,2024-09-19 23:20:00,,83.0,82.0,True,2024-09-19 23:20:22,,[]
P3,2024-09-20 00:20:00,,82.0,82.0,True,2024-09-20 00:20:22,,[]
P3,2024-09-20 01:20:00,,82.0,81.0,True,2024-09-20 01:20:22,,[]
P3,2024-09-20 02:20:00,,82.0,82.0,True,2024-09-20 02:20:22,,[]
P3,2024-09-20 03:20:00,,82.0,82.0,True,2024-09-20 03:20:23,,[]
P3,2024-09-20 04:20:00,,82.0,82.0,True,2024-09-20 04:20:22,,[]
P3,2024-09-20 05:20:00,,82.0,82.0,True,2024-09-20 05:20:22,,[]
P3,2024-09-20 06:20:00,,82.0,82.0,True,2024-09-20 06:20:22,,[]
P3,2024-09-20 07:20:00,,82.0,81.0,True,2024-09-20 07:20:22,,[]
P3,2024-09-20 08:20:00,,82.0,81.0,True,2024-09-20 08:20:22,,[]
P3,2024-09-20 09:20:00,,82.0,81.0,True,2024-09-20 09:20:22,,[]
P3,2024-09-20 10:20:00,,81.0,81.0,True,2024-09-20 10:20:22,,[]
P3,2024-09-20 11:20:00,,81.0,81.0,True,2024-09-20 11:20:22,,[]
P3,2024-09-20 12:20:00,,81.0,81.0,True,2024-09-20 12:20:22,,[]
P3,2024-09-20 13:20:00,,81.0,80.0,True,2024-09-20 13:20:22,,[]
P3,2024-09-20 14:20:00,,81.0,81.0,True,2024-09-20 14:20:22,,[]
P3,2024-09-20 15:20:00,,81.0,81.0,True,2024-09-20 15:20:21,,[]
P3,2024-09-20 16:20:00,,81.0,81.0,True,2024-09-20 16:20:22,,[]
P3,2024-09-20 17:20:00,,81.0,81.0,True,2024-09-20 17:20:22,,[]
P3,2024-09-20 18:20:00,,81.0,81.0,True,2024-09-20 18:20:23,,[]
P3,2024-09-20 19:20:00,,81.0,80.0,True,2024-09-20 19:20:22,,[]
P3,2024-09-20 20:20:00,,81.0,81.0,True,2024-09-20 20:20:22,,[]
P3,2024-09-20 21:20:00,,81.0,81.0,True,2024-09-20 21:20:22,,[]
P3,2024-09-20 22:20:00,,81.0,80.0,True,2024-09-20 22:20:23,,[]
P3,2024-09-20 23:20:00,,80.0,79.0,True,2024-09-20 23:20:22,,[]
P3,2024-09-21 01:20:00,,80.0,79.0,True,2024-09-21 01:20:22,,[]
P3,2024-09-21 03:20:00,,80.0,79.0,True,2024-09-21 03:20:22,,[]
P3,2024-09-21 05:20:00,,80.0,79.0,True,2024-09-21 05:20:22,,[]
P3,2024-09-21 07:20:00,,79.0,79.0,True,2024-09-21 07:20:22,,[]
P3,2024-09-21 09:20:00,,79.0,78.0,True,2024-09-21 09:20:23,,[]
P3,2024-09-21 11:20:00,,78.0,77.0,True,2024-09-21 11:20:22,,[]
P3,2024-09-21 13:20:00,,77.0,76.0,True,2024-09-21 13:20:22,,[]
P3,2024-09-21 15:20:00,,76.0,75.0,True,2024-09-21 15:20:22,,[]
P3,2024-09-21 17:20:00,,75.0,74.0,True,2024-09-21 17:20:22,,[]
P3,2024-09-21 19:20:00,,74.0,73.0,True,2024-09-21 19:20:22,,[]
P3,2024-09-21 21:20:00,,74.0,73.0,True,2024-09-21 21:20:22,,[]
P3,2024-09-21 23:20:00,,73.0,72.0,True,2024-09-21 23:20:22,,[]
P3,2024-09-22 01:20:00,,73.0,72.0,True,2024-09-22 01:20:22,,[]
P3,2024-09-22 03:20:00,,72.0,71.0,True,2024-09-22 03:20:22,,[]
P3,2024-09-22 05:20:00,,71.0,71.0,True,2024-09-22 05:20:22,,[]
P3,2024-09-22 07:20:00,,70.0,70.0,True,2024-09-22 07:20:22,,[]
P3,2024-09-22 09:20:00,,70.0,69.0,True,2024-09-22 09:20:22,,[]
P3,2024-09-22 11:20:00,,69.0,68.0,True,2024-09-22 11:20:22,,[]
P3,2024-09-22 13:20:00,,68.0,67.0,True,2024-09-22 13:20:22,,[]
P3,2024-09-22 15:20:00,,67.0,66.0,True,2024-09-22 15:20:22,,[]
P3,2024-09-22 17:20:00,,66.0,65.0,True,2024-09-22 17:20:22,,[]
P3,2024-09-22 19:20:00,,65.0,65.0,True,2024-09-22 19:20:22,,[]
P3,2024-09-22 21:20:00,,65.0,64.0,True,2024-09-22 21:20:22,,[]
P3,2024-09-22 23:20:00,,64.0,64.0,True,2024-09-22 23:20:22,,[]
P3,2024-09-23 01:20:00,,63.0,63.0,True,2024-09-23 01:20:22,,[]
P3,2024-09-23 03:20:00,,63.0,62.0,True,2024-09-23 03:20:22,,[]
P3,2024-09-23 05:20:00,,62.0,61.0,True,2024-09-23 05:20:22,,[]
P3,2024-09-23 07:20:00,,61.0,61.0,True,2024-09-23 07:20:22,,[]
P3,2024-09-23 09:20:00,,60.0,60.0,True,2024-09-23 09:20:22,,[]
P3,2024-09-23 11:20:00,,60.0,59.0,True,2024-09-23 11:20:22,,[]
P3,2024-09-23 15:20:00,,59.0,58.0,True,2024-09-23 15:20:22,,[]
P3,2024-09-23 19:20:00,,58.0,57.0,True,2024-09-23 19:20:22,,[]
P3,2024-09-23 23:20:00,,57.0,57.0,True,2024-09-23 23:20:23,,[]
P3,2024-09-24 03:20:00,,57.0,56.0,True,2024-09-24 03:20:22,,[]
P3,2024-09-24 07:20:00,,57.0,57.0,True,2024-09-24 07:20:22,,[]
P3,2024-09-24 11:20:00,,57.0,56.0,True,2024-09-24 11:20:22,,[]
P3,2024-09-24 15:20:00,,56.0,56.0,True,2024-09-24 15:20:22,,[]
P3,2024-09-24 19:20:00,,56.0,55.0,True,2024-09-24 19:20:22,,[]
P3,2024-09-24 23:20:00,,56.0,56.0,True,2024-09-24 23:20:22,,[]
P3,2024-09-25 03:20:00,,56.0,56.0,True,2024-09-25 03:20:22,,[]
P3,2024-09-25 07:20:00,,56.0,55.0,True,2024-09-25 07:20:22,,[]
P3,2024-09-25 11:20:00,,55.0,55.0,True,2024-09-25 11:20:22,,[]
P3,2024-09-25 15:20:00,,55.0,55.0,True,2024-09-25 15:20:22,,[]
P3,2024-09-25 19:20:00,,55.0,54.0,True,2024-09-25 19:20:22,,[]
P3,2024-09-25 23:20:00,,55.0,54.0,True,2024-09-25 23:20:22,,[]
P3,2024-09-26 03:20:00,,55.0,55.0,True,2024-09-26 03:20:22,,[]
P3,2024-09-26 07:20:00,,54.0,54.0,True,2024-09-26 07:20:22,,[]
P3,2024-09-26 11:20:00,,54.0,53.0,True,2024-09-26 11:20:22,,[]
P3,2024-09-26 15:20:00,,54.0,53.0,True,2024-09-26 15:20:22,,[]
P3,2024-09-26 19:20:00,,53.0,53.0,True,2024-09-26 19:20:22,,[]
P3,2024-09-26 23:20:00,,53.0,52.0,True,2024-09-26 23:20:22,,[]
P3,2024-09-27 03:20:00,,52.0,52.0,True,2024-09-27 03:20:22,,[]
P3,2024-09-27 07:20:00,,52.0,52.0,True,2024-09-27 07:20:22,,[]
P3,2024-09-27 11:20:00,,51.0,50.0,True,2024-09-27 11:20:22,,[]
P3,2024-09-27 15:20:00,,51.0,50.0,True,2024-09-27 15:20:22,,[]
P3,2024-09-27 19:20:00,,50.0,49.0,True,2024-09-27 19:20:22,,[]
P3,2024-09-27 23:20:00,,50.0,49.0,True,2024-09-27 23:20:22,,[]
P3,2024-09-28 03:20:00,,49.0,49.0,True,2024-09-28 03:20:22,,[]
P3,2024-09-28 07:20:00,,48.0,47.0,True,2024-09-28 07:20:22,,[]
P3,2024-09-28 11:20:00,,47.0,46.0,True,2024-09-28 11:20:22,,[]
P3,2024-09-28 15:20:00,,46.0,45.0,True,2024-09-28 15:20:23,,[]
P3,2024-09-28 19:20:00,,45.0,44.0,True,2024-09-28 19:20:22,,[]
P3,2024-09-28 23:20:00,,44.0,43.0,True,2024-09-28 23:20:22,,[]
P3,2024-09-29 03:20:00,,42.0,41.0,True,2024-09-29 03:20:22,,[]
P3,2024-09-29 07:20:00,,41.0,40.0,True,2024-09-29 07:20:22,,[]
P3,2024-09-29 11:20:00,,40.0,39.0,True,2024-09-29 11:20:22,,[]
P3,2024-09-29 19:20:00,,39.0,38.0,True,2024-09-29 19:20:22,,[]
P3,2024-09-30 03:20:00,,38.0,36.0,True,2024-09-30 03:20:22,,[]
P3,2024-09-30 11:20:00,,36.0,35.0,True,2024-09-30 11:20:22,,[]
P3,2024-09-30 19:20:00,,35.0,34.0,True,2024-09-30 19:20:22,,[]
P3,2024-10-01 03:20:00,,34.0,33.0,True,2024-10-01 03:20:22,,[]
P3,2024-10-01 11:20:00,,33.0,32.0,True,2024-10-01 11:20:22,,[]
P3,2024-10-01 19:20:00,,31.0,30.0,True,2024-10-01 19:20:22,,[]
P3,2024-10-02 03:20:00,,30.0,29.0,True,2024-10-02 03:20:22,,[]
P3,2024-10-02 11:20:00,,28.0,27.0,True,2024-10-02 11:20:22,,[]
P3,2024-10-02 19:20:00,,27.0,26.0,True,2024-10-02 19:20:22,,[]
P3,2024-10-03 03:20:00,,26.0,24.0,True,2024-10-03 03:20:22,,[]
P3,2024-10-03 11:20:00,,24.0,23.0,True,2024-10-03 11:20:22,,[]
P3,2024-10-03 19:20:00,,22.0,21.0,True,2024-10-03 19:20:22,,[]
P3,2024-10-04 03:20:00,,21.0,19.0,True,2024-10-04 03:20:22,,[]
P3,2024-10-04 23:20:00,,19.0,18.0,True,2024-10-04 23:20:22,,[]
P3,2024-10-05 19:20:00,,17.0,16.0,True,2024-10-05 19:20:22,,[]
P3,2024-10-06 15:20:00,,15.0,14.0,True,2024-10-06 15:20:22,,[]
P3,2024-10-07 11:20:00,,14.0,12.0,True,2024-10-07 11:20:22,,[]
P3,2024-10-08 07:20:00,,12.0,11.0,True,2024-10-08 07:20:22,,[]
P3,2024-10-09 03:20:00,,10.0,8.0,True,2024-10-09 03:20:22,,[]
P3,2024-10-09 23:20:00,,6.0,5.0,True,2024-10-09 23:20:22,,[]
P3,2024-10-10 19:20:00,,5.0,4.0,True,2024-10-10 19:20:22,,[]
P3,2024-10-11 15:20:00,,81.0,80.0,True,2000-01-14 15:20:22,,[]
P3,2000-01-14 16:20:00,,80.0,79.0,True,2000-01-14 16:20:22,,[]
P3,2000-01-14 18:20:00,,79.0,78.0,True,2000-01-14 18:20:22,,[]
P3,2000-01-14 20:20:00,,78.0,77.0,True,2000-01-14 20:20:22,,[]
P3,2000-01-14 22:20:00,,77.0,76.0,True,2000-01-14 22:20:22,,[]
P3,2000-01-15 00:20:00,,85.0,84.0,True,2000-01-15 00:20:22,,[]
P3,2000-01-15 01:20:00,,82.0,81.0,True,2000-01-15 01:20:22,,[]
P3,2000-01-15 02:20:00,,81.0,80.0,True,2000-01-15 02:20:22,,[]
P3,2000-01-15 03:20:00,,80.0,79.0,True,2000-01-15 03:20:22,,[]
P3,2000-01-15 05:20:00,,79.0,78.0,True,2000-01-15 05:20:22,,[]
P3,2000-01-15 07:20:00,,78.0,77.0,True,2000-01-15 07:20:22,,[]
P3,2000-01-15 09:20:00,,77.0,76.0,True,2000-01-15 09:20:22,,[]
P3,2000-01-15 11:20:00,,76.0,76.0,True,2000-01-15 11:20:22,,[]
P3,2000-01-15 13:20:00,,76.0,75.0,True,2000-01-15 13:20:22,,[]
P3,2000-01-15 15:20:00,,75.0,75.0,True,2000-01-15 15:20:22,,[]
P3,2000-01-15 17:20:00,,75.0,74.0,True,2000-01-15 17:20:22,,[]
P3,2000-01-15 19:20:00,,75.0,74.0,True,2000-01-15 19:20:22,,[]
P3,2000-01-15 21:20:00,,74.0,74.0,True,2000-01-15 21:20:21,,[]
P3,2000-01-15 23:20:00,,74.0,73.0,True,2000-01-15 23:20:22,,[]
P3,2000-01-16 01:20:00,,74.0,73.0,True,2000-01-16 01:20:22,,[]
P3,2000-01-16 03:20:00,,84.0,85.0,True,2000-01-16 03:20:23,,[]
P3,2000-01-16 04:20:00,,85.0,84.0,True,2000-01-16 04:20:22,,[]
P3,2000-01-16 05:20:00,,83.0,82.0,True,2000-01-16 05:20:22,,[]
P3,2000-01-16 06:20:00,,82.0,80.0,True,2000-01-16 06:20:22,,[]
P3,2000-01-16 07:20:00,,80.0,79.0,True,2000-01-16 07:20:22,,[]
P3,2000-01-16 09:20:00,,79.0,78.0,True,2000-01-16 09:20:23,,[]
P3,2000-01-16 11:20:00,,78.0,77.0,True,2000-01-16 11:20:22,,[]
P3,2000-01-16 13:20:00,,77.0,76.0,True,2000-01-16 13:20:22,,[]
P3,2000-01-16 15:20:00,,76.0,76.0,True,2000-01-16 15:20:22,,[]
P3,2000-01-16 17:20:00,,76.0,76.0,True,2000-01-16 17:20:22,,[]
P3,2000-01-16 19:20:00,,76.0,75.0,True,2000-01-16 19:20:22,,[]
P3,2000-01-16 21:20:00,,75.0,75.0,True,2000-01-16 21:20:22,,[]
P3,2000-01-16 23:20:00,,75.0,74.0,True,2000-01-16 23:20:22,,[]
P3,2000-01-17 01:20:00,,74.0,73.0,True,2000-01-17 01:20:22,,[]
P3,2000-01-17 03:20:00,,74.0,74.0,True,2000-01-17 03:20:22,,[]
P3,2000-01-17 05:20:00,,74.0,74.0,True,2000-01-17 05:20:22,,[]
P3,2000-01-17 07:20:00,,74.0,74.0,True,2000-01-17 07:20:22,,[]
P3,2000-01-17 09:20:00,,74.0,73.0,True,2000-01-17 09:20:22,,[]
P3,2000-01-17 11:20:00,,73.0,72.0,True,2000-01-17 11:20:22,,[]
P3,2000-01-17 13:20:00,,73.0,72.0,True,2000-01-17 13:20:22,,[]
P3,2000-01-17 15:20:00,,73.0,73.0,True,2000-01-17 15:20:21,,[]
P3,2000-01-17 17:20:00,,73.0,73.0,True,2000-01-17 17:20:23,,[]
P3,2000-01-17 19:20:00,,73.0,73.0,True,2000-01-17 19:20:22,,[]
P3,2000-01-17 21:20:00,,73.0,72.0,True,2000-01-17 21:20:22,,[]
P3,2000-01-17 23:20:00,,73.0,72.0,True,2000-01-17 23:20:22,,[]
P3,2000-01-18 01:20:00,,73.0,73.0,True,2000-01-18 01:20:22,,[]
P3,2000-01-18 03:20:00,,73.0,72.0,True,2000-01-18 03:20:22,,[]
P3,2000-01-18 05:20:00,,73.0,72.0,True,2000-01-18 05:20:22,,[]
P3,2000-01-18 07:20:00,,73.0,73.0,True,2000-01-18 07:20:22,,[]
P3,2000-01-18 09:20:00,,73.0,72.0,True,2000-01-18 09:20:22,,[]
P3,2000-01-18 11:20:00,,73.0,72.0,True,2000-01-18 11:20:22,,[]
P3,2000-01-18 13:20:00,,72.0,72.0,True,2000-01-18 13:20:22,,[]
P3,2000-01-18 15:20:00,,72.0,71.0,True,2000-01-18 15:20:22,,[]
P3,2000-01-18 17:20:00,,72.0,72.0,True,2000-01-18 17:20:22,,[]
P3,2000-01-18 19:20:00,,72.0,72.0,True,2000-01-18 19:20:22,,[]
P3,2000-01-18 21:20:00,,72.0,72.0,True,2000-01-18 21:20:22,,[]
P3,2000-01-18 23:20:00,,72.0,71.0,True,2000-01-18 23:20:22,,[]
P3,2000-01-19 01:20:00,,72.0,71.0,True,2000-01-19 01:20:23,,[]
P3,2000-01-19 03:20:00,,72.0,72.0,True,2000-01-19 03:20:22,,[]
P3,2000-01-19 05:20:00,,72.0,71.0,True,2000-01-19 05:20:22,,[]
P3,2000-01-19 07:20:00,,72.0,71.0,True,2000-01-19 07:20:22,,[]
P3,2000-01-19 09:20:00,,72.0,72.0,True,2000-01-19 09:20:22,,[]
P3,2000-01-19 11:20:00,,72.0,71.0,True,2000-01-19 11:20:22,,[]
P3,2000-01-19 13:20:00,,72.0,71.0,True,2000-01-19 13:20:22,,[]
P3,2000-01-19 15:20:00,,71.0,71.0,True,2000-01-19 15:20:22,,[]
P3,2000-01-19 17:20:00,,71.0,70.0,True,2000-01-19 17:20:22,,[]
P3,2000-01-19 19:20:00,,71.0,70.0,True,2000-01-19 19:20:22,,[]
P3,2000-01-19 21:20:00,,71.0,70.0,True,2000-01-19 21:20:22,,[]
P3,2000-01-19 23:20:00,,70.0,70.0,True,2000-01-19 23:20:22,,[]
P3,2000-01-20 01:20:00,,70.0,69.0,True,2000-01-20 01:20:22,,[]
P3,2000-01-20 03:20:00,,69.0,68.0,True,2000-01-20 03:20:22,,[]
P3,2000-01-20 05:20:00,,68.0,67.0,True,2000-01-20 05:20:22,,[]
P3,2000-01-20 07:20:00,,68.0,67.0,True,2000-01-20 07:20:22,,[]
P3,2000-01-20 09:20:00,,67.0,67.0,True,2000-01-20 09:20:25,,[]
P3,2000-01-20 11:20:00,,66.0,66.0,True,2000-01-20 11:20:22,,[]
P3,2000-01-20 13:20:00,,66.0,65.0,True,2000-01-20 13:20:22,,[]
P3,2000-01-20 15:20:00,,65.0,64.0,True,2000-01-20 15:20:22,,[]
P3,2000-01-20 17:20:00,,65.0,64.0,True,2000-01-20 17:20:22,,[]
P3,2000-01-20 19:20:00,,64.0,63.0,True,2000-01-20 19:20:22,,[]
P3,2000-01-20 21:20:00,,63.0,62.0,True,2000-01-20 21:20:22,,[]
P3,2000-01-20 23:20:00,,63.0,62.0,True,2000-01-20 23:20:22,,[]
P3,2000-01-21 01:20:00,,61.0,61.0,True,2000-01-21 01:20:22,,[]
P3,2000-01-21 03:20:00,,68.0,67.0,True,2000-01-21 03:20:22,,[]
P3,2000-01-21 05:20:00,,70.0,69.0,True,2000-01-21 05:20:22,,[]
P3,2000-01-21 07:20:00,,70.0,70.0,True,2000-01-21 07:20:22,,[]
P3,2000-01-21 09:20:00,,70.0,69.0,True,2000-01-21 09:20:22,,[]
P3,2000-01-21 11:20:00,,69.0,69.0,True,2000-01-21 11:20:22,,[]
P3,2000-01-21 13:20:00,,68.0,68.0,True,2000-01-21 13:20:22,,[]
P3,2000-01-21 15:20:00,,67.0,67.0,True,2000-01-21 15:20:22,,[]
P3,2000-01-21 17:20:00,,67.0,66.0,True,2000-01-21 17:20:22,,[]
P3,2000-01-21 19:20:00,,66.0,66.0,True,2000-01-21 19:20:22,,[]
P3,2000-01-21 21:20:00,,65.0,65.0,True,2000-01-21 21:20:21,,[]
P3,2000-01-21 23:20:00,,65.0,64.0,True,2000-01-21 23:20:22,,[]
P3,2000-01-22 01:20:00,,64.0,64.0,True,2000-01-22 01:20:22,,[]
P3,2000-01-22 03:20:00,,63.0,63.0,True,2000-01-22 03:20:22,,[]
P3,2000-01-22 05:20:00,,63.0,63.0,True,2000-01-22 05:20:22,,[]
P3,2000-01-22 07:20:00,,63.0,62.0,True,2000-01-22 07:20:22,,[]
P3,2000-01-22 09:20:00,,62.0,62.0,True,2000-01-22 09:20:22,,[]
P3,2000-01-22 11:20:00,,62.0,62.0,True,2000-01-22 11:20:22,,[]
P3,2000-01-22 13:20:00,,62.0,61.0,True,2000-01-22 13:20:22,,[]
P3,2000-01-22 15:20:00,,61.0,61.0,True,2000-01-22 15:20:22,,[]
P3,2000-01-22 17:20:00,,61.0,61.0,True,2000-01-22 17:20:22,,[]
P3,2000-01-22 19:20:00,,61.0,60.0,True,2000-01-22 19:20:22,,[]
P3,2000-01-22 21:20:00,,60.0,60.0,True,2000-01-22 21:20:22,,[]
P3,2000-01-22 23:20:00,,60.0,60.0,True,2000-01-22 23:20:22,,[]
P3,2000-01-23 01:20:00,,60.0,60.0,True,2000-01-23 01:20:22,,[]
P3,2000-01-23 03:20:00,,60.0,60.0,True,2000-01-23 03:20:23,,[]
P3,2000-01-23 05:20:00,,60.0,60.0,True,2000-01-23 05:20:22,,[]
P3,2000-01-23 07:20:00,,60.0,59.0,True,2000-01-23 07:20:22,,[]
P3,2000-01-23 11:20:00,,60.0,59.0,True,2000-01-23 11:20:22,,[]
P3,2000-01-23 15:20:00,,59.0,59.0,True,2000-01-23 15:20:22,,[]
P3,2000-01-23 19:20:00,,59.0,58.0,True,2000-01-23 19:20:22,,[]
P3,2000-01-23 23:20:00,,58.0,58.0,True,2000-01-23 23:20:22,,[]
P3,2000-01-24 03:20:00,,58.0,58.0,True,2000-01-24 03:20:22,,[]
P3,2000-01-24 07:20:00,,58.0,58.0,True,2000-01-24 07:20:22,,[]
P3,2000-01-24 11:20:00,,58.0,57.0,True,2000-01-24 11:20:22,,[]
P3,2000-01-24 15:20:00,,57.0,56.0,True,2000-01-24 15:20:22,,[]
P3,2000-01-24 19:20:00,,56.0,56.0,True,2000-01-24 19:20:22,,[]
P3,2000-01-24 23:20:00,,56.0,55.0,True,2000-01-24 23:20:22,,[]
P3,2000-01-25 03:20:00,,55.0,55.0,True,2000-01-25 03:20:22,,[]
P3,2000-01-25 07:20:00,,54.0,54.0,True,2000-01-25 07:20:22,,[]
P3,2000-01-25 11:20:00,,54.0,53.0,True,2000-01-25 11:20:22,,[]
P3,2000-01-25 15:20:00,,53.0,52.0,True,2000-01-25 15:20:22,,[]
P3,2000-01-25 19:20:00,,52.0,52.0,True,2000-01-25 19:20:22,,[]
P3,2000-01-25 23:20:00,,51.0,51.0,True,2000-01-25 23:20:22,,[]
P3,2000-01-26 03:20:00,,50.0,49.0,True,2000-01-26 03:20:22,,[]
P3,2000-01-26 07:20:00,,49.0,48.0,True,2000-01-26 07:20:22,,[]
P3,2000-01-26 11:20:00,,48.0,48.0,True,2000-01-26 11:20:22,,[]
P3,2000-01-26 15:20:00,,47.0,47.0,True,2000-01-26 15:20:22,,[]
P3,2000-01-26 19:20:00,,47.0,46.0,True,2000-01-26 19:20:22,,[]
P3,2000-01-26 23:20:00,,46.0,45.0,True,2000-01-26 23:20:22,,[]
P3,2000-01-27 03:20:00,,71.0,71.0,True,2000-01-27 03:20:22,,[]
P3,2000-01-27 05:20:00,,84.0,84.0,True,2025-02-11 05:20:22,,[]
P3,2025-02-11 06:20:00,,82.0,81.0,True,2025-02-11 06:20:22,,[]
P3,2025-02-11 07:20:00,,80.0,80.0,True,2025-02-11 07:20:22,,[]
P3,2025-02-11 08:20:00,,79.0,79.0,True,2025-02-11 08:20:22,,[]
P3,2025-02-11 10:20:00,,78.0,77.0,True,2025-02-11 10:20:22,,[]
P3,2025-02-11 12:20:00,,77.0,77.0,True,2025-02-11 12:20:22,,[]
P3,2025-02-11 14:20:00,,76.0,76.0,True,2025-02-11 14:20:22,,[]
P3,2025-02-11 16:20:00,,75.0,75.0,True,2025-02-11 16:20:22,,[]
P3,2025-02-11 18:20:00,,75.0,74.0,True,2025-02-11 18:20:22,None,[]
P3,2025-02-11 20:20:00,,,,False,,,[]
